{"images/abaya.png":["images/abaya.png"],"images/bedding.png":["images/bedding.png"],"images/billbg.jpg":["images/billbg.jpg"],"images/blouse.png":["images/blouse.png"],"images/carpet.png":["images/carpet.png"],"images/completed.gif":["images/completed.gif"],"images/confirmorder.jpeg":["images/confirmorder.jpeg"],"images/curtains.png":["images/curtains.png"],"images/details.jpeg":["images/details.jpeg"],"images/dishdasha.jpeg":["images/dishdasha.jpeg"],"images/dress.png":["images/dress.png"],"images/dressnormal.jpeg":["images/dressnormal.jpeg"],"images/home.jpeg":["images/home.jpeg"],"images/jacket.png":["images/jacket.png"],"images/laundry.png":["images/laundry.png"],"images/mdcbg.png":["images/mdcbg.png"],"images/mdclogo.png":["images/mdclogo.png"],"images/pants.png":["images/pants.png"],"images/payment.png":["images/payment.png"],"images/paymentshero.gif":["images/paymentshero.gif"],"images/pending.gif":["images/pending.gif"],"images/progress.gif":["images/progress.gif"],"images/shirt.png":["images/shirt.png"],"images/skirt.png":["images/skirt.png"],"images/suit.png":["images/suit.png"],"images/sweater.png":["images/sweater.png"],"images/tie.png":["images/tie.png"],"images/totalorders.gif":["images/totalorders.gif"],"images/user.png":["images/user.png"],"packages/cupertino_icons/assets/CupertinoIcons.ttf":["packages/cupertino_icons/assets/CupertinoIcons.ttf"]}